게시날짜,게시글수
2019-01-01,1
2019-01-02,1
2019-01-03,4
2019-01-04,13
2019-01-05,9
2019-01-06,14
2019-01-07,8
2019-01-08,6
2019-01-09,6
2019-01-10,4
2019-01-11,5
2019-01-12,4
2019-01-13,10
2019-01-14,4
2019-01-15,5
2019-01-16,2
2019-01-17,5
2019-01-18,4
2019-01-19,4
2019-01-20,9
2019-01-21,4
2019-01-22,4
2019-01-23,5
2019-01-24,4
2019-01-25,5
2019-01-26,0
2019-01-27,0
2019-01-28,0
2019-01-29,0
2019-01-30,0
2019-01-31,0
2019-02-01,0
2019-02-02,0
2019-02-03,0
2019-02-04,0
2019-02-05,1
2019-02-06,2
2019-02-07,6
2019-02-08,7
2019-02-09,6
2019-02-10,3
2019-02-11,4
2019-02-12,8
2019-02-13,4
2019-02-14,7
2019-02-15,9
2019-02-16,7
2019-02-17,7
2019-02-18,7
2019-02-19,1
2019-02-20,8
2019-02-21,5
2019-02-22,6
2019-02-23,3
2019-02-24,15
2019-02-25,8
2019-02-26,5
2019-02-27,6
2019-02-28,10
2019-03-01,6
2019-03-02,0
2019-03-03,0
2019-03-04,1
2019-03-05,0
2019-03-06,0
2019-03-07,1
2019-03-08,0
2019-03-09,0
2019-03-10,3
2019-03-11,6
2019-03-12,10
2019-03-13,3
2019-03-14,5
2019-03-15,11
2019-03-16,13
2019-03-17,25
2019-03-18,17
2019-03-19,12
2019-03-20,10
2019-03-21,15
2019-03-22,19
2019-03-23,20
2019-03-24,79
2019-03-25,40
2019-03-26,45
2019-03-27,27
2019-03-28,75
2019-03-29,120
2019-03-30,308
2019-03-31,553
2019-04-01,310
2019-04-02,191
2019-04-03,193
2019-04-04,190
2019-04-05,198
2019-04-06,411
2019-04-07,375
2019-04-08,222
2019-04-09,156
2019-04-10,84
2019-04-11,113
2019-04-12,109
2019-04-13,285
2019-04-14,233
2019-04-15,163
2019-04-16,172
2019-04-17,61
2019-04-18,105
2019-04-19,30
2019-04-20,166
2019-04-21,115
2019-04-22,107
2019-04-23,1
2019-04-24,28
2019-04-25,27
2019-04-26,33
2019-04-27,56
2019-04-28,57
2019-04-29,17
2019-04-30,2
2019-05-01,0
2019-05-02,8
2019-05-03,11
2019-05-04,22
2019-05-05,50
2019-05-06,42
2019-05-07,14
2019-05-08,21
2019-05-09,21
2019-05-10,13
2019-05-11,13
2019-05-12,3
2019-05-13,0
2019-05-14,0
2019-05-15,3
2019-05-16,8
2019-05-17,11
2019-05-18,11
2019-05-19,9
2019-05-20,9
2019-05-21,9
2019-05-22,5
2019-05-23,9
2019-05-24,3
2019-05-25,9
2019-05-26,14
2019-05-27,6
2019-05-28,5
2019-05-29,3
2019-05-30,8
2019-05-31,8
2019-06-01,9
2019-06-02,3
2019-06-03,2
2019-06-04,0
2019-06-05,0
2019-06-06,0
2019-06-07,0
2019-06-08,6
2019-06-09,15
2019-06-10,9
2019-06-11,5
2019-06-12,6
2019-06-13,7
2019-06-14,3
2019-06-15,9
2019-06-16,14
2019-06-17,7
2019-06-18,5
2019-06-19,7
2019-06-20,4
2019-06-21,5
2019-06-22,8
2019-06-23,7
2019-06-24,1
2019-06-25,11
2019-06-26,6
2019-06-27,5
2019-06-28,7
2019-06-29,5
2019-06-30,9
2019-07-01,5
2019-07-02,3
2019-07-03,1
2019-07-04,7
2019-07-05,5
2019-07-06,4
2019-07-07,7
2019-07-08,0
2019-07-09,5
2019-07-10,1
2019-07-11,0
2019-07-12,0
2019-07-13,2
2019-07-14,13
2019-07-15,6
2019-07-16,3
2019-07-17,7
2019-07-18,6
2019-07-19,3
2019-07-20,2
2019-07-21,4
2019-07-22,1
2019-07-23,7
2019-07-24,6
2019-07-25,4
2019-07-26,3
2019-07-27,3
2019-07-28,6
2019-07-29,6
2019-07-30,7
2019-07-31,4
2019-08-01,5
2019-08-02,3
2019-08-03,5
2019-08-04,6
2019-08-05,2
2019-08-06,3
2019-08-07,8
2019-08-08,2
2019-08-09,1
2019-08-10,4
2019-08-11,2
2019-08-12,3
2019-08-13,3
2019-08-14,4
2019-08-15,1
2019-08-16,2
2019-08-17,4
2019-08-18,1
2019-08-19,6
2019-08-20,6
2019-08-21,2
2019-08-22,4
2019-08-23,2
2019-08-24,7
2019-08-25,5
2019-08-26,1
2019-08-27,11
2019-08-28,4
2019-08-29,3
2019-08-30,5
2019-08-31,5
2019-09-01,5
2019-09-02,2
2019-09-03,2
2019-09-04,3
2019-09-05,2
2019-09-06,0
2019-09-07,2
2019-09-08,7
2019-09-09,3
2019-09-10,1
2019-09-11,4
2019-09-12,1
2019-09-13,7
2019-09-14,18
2019-09-15,14
2019-09-16,13
2019-09-17,15
2019-09-18,16
2019-09-19,27
2019-09-20,23
2019-09-21,9
2019-09-22,4
2019-09-23,7
2019-09-24,19
2019-09-25,28
2019-09-26,19
2019-09-27,22
2019-09-28,25
2019-09-29,117
2019-09-30,63
2019-10-01,26
2019-10-02,21
2019-10-03,69
2019-10-04,43
2019-10-05,49
2019-10-06,140
2019-10-07,60
2019-10-08,63
2019-10-09,229
2019-10-10,93
2019-10-11,63
2019-10-12,101
2019-10-13,140
2019-10-14,88
2019-10-15,52
2019-10-16,12
2019-10-17,0
2019-10-18,10
2019-10-19,66
2019-10-20,134
2019-10-21,13
2019-10-22,47
2019-10-23,44
2019-10-24,18
2019-10-25,17
2019-10-26,56
2019-10-27,30
2019-10-28,33
2019-10-29,35
2019-10-30,17
2019-10-31,15
2019-11-01,11
2019-11-02,26
2019-11-03,56
2019-11-04,22
2019-11-05,17
2019-11-06,15
2019-11-07,0
2019-11-08,6
2019-11-09,0
2019-11-10,0
2019-11-11,0
2019-11-12,0
2019-11-13,0
2019-11-14,0
2019-11-15,1
2019-11-16,0
2019-11-17,0
2019-11-18,8
2019-11-19,5
2019-11-20,3
2019-11-21,5
2019-11-22,4
2019-11-23,12
2019-11-24,15
2019-11-25,6
2019-11-26,7
2019-11-27,4
2019-11-28,5
2019-11-29,2
2019-11-30,3
2019-12-01,4
2019-12-02,0
2019-12-03,6
2019-12-04,9
2019-12-05,1
2019-12-06,2
2019-12-07,5
2019-12-08,4
2019-12-09,5
2019-12-10,4
2019-12-11,3
2019-12-12,8
2019-12-13,4
2019-12-14,5
2019-12-15,7
2019-12-16,4
2019-12-17,6
2019-12-18,6
2019-12-19,3
2019-12-20,4
2019-12-21,2
2019-12-22,4
2019-12-23,2
2019-12-24,0
2019-12-25,0
2019-12-26,0
2019-12-27,3
2019-12-28,2
2019-12-29,1
2019-12-30,0
2019-12-31,0
